-- phpMyAdmin SQL Dump
-- version 5.2.1
-- https://www.phpmyadmin.net/
--
-- Host: localhost:3307
-- Generation Time: Dec 22, 2025 at 12:57 PM
-- Server version: 10.4.32-MariaDB
-- PHP Version: 8.2.12

SET SQL_MODE = "NO_AUTO_VALUE_ON_ZERO";
START TRANSACTION;
SET time_zone = "+00:00";


/*!40101 SET @OLD_CHARACTER_SET_CLIENT=@@CHARACTER_SET_CLIENT */;
/*!40101 SET @OLD_CHARACTER_SET_RESULTS=@@CHARACTER_SET_RESULTS */;
/*!40101 SET @OLD_COLLATION_CONNECTION=@@COLLATION_CONNECTION */;
/*!40101 SET NAMES utf8mb4 */;

--
-- Database: `campus_facility_booking`
--

-- --------------------------------------------------------

--
-- Table structure for table `announcements`
--

CREATE TABLE `announcements` (
  `announcement_id` varchar(10) NOT NULL,
  `title` varchar(200) NOT NULL,
  `message` text NOT NULL,
  `posted_by` varchar(30) NOT NULL,
  `posted_date` datetime DEFAULT current_timestamp(),
  `audience` enum('all','student','staff','admin') DEFAULT 'all'
) ENGINE=InnoDB DEFAULT CHARSET=utf8mb4 COLLATE=utf8mb4_general_ci;

--
-- Dumping data for table `announcements`
--

INSERT INTO `announcements` (`announcement_id`, `title`, `message`, `posted_by`, `posted_date`, `audience`) VALUES
('AN001', 'Sports Complex Maintenance', 'Futsal Court (C200) will be closed for maintenance on 21 June 2025.', 'U004', '2025-11-20 14:04:31', 'all'),
('AN002', 'New Booking Policy', 'All students must book facilities at least 24 hours in advance starting July 2025.', 'U004', '2025-11-20 14:04:31', 'student'),
('AN003', 'Staff Meeting Reminder', 'All sports facility staff please attend the briefing on 15 June, 10 AM.', 'U003', '2025-11-20 14:04:31', 'staff'),
('AN004', 'Swimming Pool Temporary Closure', 'Pool area is closed for water inspection until further notice.', 'U004', '2025-11-20 14:04:31', 'all'),
('AN005', 'New Operating Hours', 'Sports Complex will operate from 8 AM to 10 PM daily starting 20 December 2025.', 'U006', '2025-12-06 16:22:11', ''),
('AN103', 'Swimming Pool Closure', 'Swimming Pool (A101) will be closed for cleaning from 15–17 December 2025.', 'U003', '2025-12-05 11:45:22', ''),
('AN107', 'Volleyball Court Booking Rules', 'All volleyball bookings must be made at least 24 hours in advance.', 'U008', '2025-12-07 09:33:12', ''),
('AN108', 'Emergency Water Shutdown', 'Water supply will be temporarily disrupted in Block C on 9 December 2025.', 'U003', '2025-12-07 10:12:45', 'all'),
('AN109', 'Tennis Court Repainting', 'Tennis Court (T300) will be unavailable from 22–24 December 2025 for repainting.', 'U005', '2025-12-07 13:18:20', ''),
('AN111', 'System Downtime', 'Booking portal may be slow due to backend updates on 12 December 2025.', 'U007', '2025-12-08 09:55:37', ''),
('AN112', 'Lost & Found Item', 'A wallet was found near the badminton court. Please claim at the reception.', 'U004', '2025-12-08 10:20:56', ''),
('AN114', 'Court Flooding Repair', 'Basketball Court B120 is closed until repairs are completed.', 'U006', '2025-12-08 14:49:02', ''),
('AN115', 'New Fitness Class', 'A new weekly HIIT fitness class starts 5 January 2026. Register online.', 'U008', '2025-12-08 15:22:44', ''),
('AN116', 'Parking Area Renovation', 'Parking Zone P2 will be partially closed from 10–12 December 2025.', 'U007', '2025-12-08 17:09:15', ''),
('AN117', 'Yoga Workshop', 'Join our free yoga workshop on 20 December 2025. Limited slots available.', 'U005', '2025-12-08 18:44:37', 'all'),
('AN118', 'Maintenance Delays', 'The refurbishment of Court A150 is extended until 19 December 2025.', 'U003', '2025-12-09 09:11:22', ''),
('AN120', 'Monthly Sanitisation', 'All courts will undergo sanitisation on 30 December 2025 from 6 PM onwards.', 'U004', '2025-12-09 11:22:08', ''),
('AN131', 'Sports Complex Maintenance', 'Futsal Court (C200) will be closed for maintenance on 21 June 2025.', 'U004', '2025-12-04 10:44:35', ''),
('AN133', 'Maintenance', '18/12/2025 Fix ceiling', 'U004', '2025-12-17 11:31:49', 'all');

-- --------------------------------------------------------

--
-- Table structure for table `bookings`
--

CREATE TABLE `bookings` (
  `booking_id` int(11) NOT NULL,
  `user_id` varchar(30) NOT NULL,
  `venue_id` varchar(10) NOT NULL,
  `court_id` int(11) DEFAULT NULL,
  `booking_date` date NOT NULL,
  `booking_time` time NOT NULL,
  `status` enum('booked','completed','cancelled','rejected') DEFAULT 'booked',
  `created_at` timestamp NOT NULL DEFAULT current_timestamp()
) ENGINE=InnoDB DEFAULT CHARSET=utf8mb4 COLLATE=utf8mb4_general_ci;

--
-- Dumping data for table `bookings`
--

INSERT INTO `bookings` (`booking_id`, `user_id`, `venue_id`, `court_id`, `booking_date`, `booking_time`, `status`, `created_at`) VALUES
(1, 'S123', 'A100', 0, '2025-11-22', '20:00:00', 'completed', '2025-12-15 15:43:48'),
(2, 'U001', 'A101', 0, '2025-11-20', '10:00:00', 'cancelled', '2025-12-15 15:43:48'),
(3, 'U001', 'B100', 0, '2025-06-02', '15:00:00', 'completed', '2025-12-15 15:43:48'),
(4, 'U001', 'A100', 0, '2025-11-19', '18:00:00', 'cancelled', '2025-12-15 15:43:48'),
(5, 'U001', 'B101', 0, '2025-11-15', '09:00:00', 'cancelled', '2025-12-15 15:43:48'),
(6, 'U001', 'A100', 0, '2025-01-05', '09:00:00', 'rejected', '2025-12-15 15:43:48'),
(7, 'U002', 'A101', 0, '2025-11-23', '10:00:00', 'completed', '2025-12-15 15:43:48'),
(502, 'abc', 'B100', 0, '2025-12-14', '07:00:00', 'cancelled', '2025-12-15 15:43:48'),
(503, 'abc', 'B100', 0, '2025-12-14', '07:00:00', 'cancelled', '2025-12-15 15:43:48'),
(504, '2401759', 'B100', 0, '2025-12-14', '10:00:00', 'completed', '2025-12-15 15:43:48'),
(505, '2401759', 'B100', 0, '2025-12-14', '11:00:00', 'completed', '2025-12-15 15:43:48'),
(506, 'abc', 'B100', NULL, '2025-12-15', '07:00:00', 'cancelled', '2025-12-15 16:52:31'),
(507, 'abc', 'B100', NULL, '2025-12-16', '07:00:00', 'cancelled', '2025-12-15 16:55:45'),
(508, '2401759', 'B100', NULL, '2025-12-20', '10:00:00', 'rejected', '2025-12-15 17:18:38'),
(509, '2401760', 'B100', NULL, '2025-12-23', '11:00:00', 'rejected', '2025-12-15 17:33:07'),
(510, '2401759', 'B100', NULL, '2025-12-28', '14:00:00', 'booked', '2025-12-16 01:10:58'),
(511, 'abc', 'B100', NULL, '2025-12-18', '07:00:00', 'cancelled', '2025-12-16 09:21:52'),
(512, 'abc', 'B100', NULL, '2025-12-18', '08:00:00', 'booked', '2025-12-16 09:22:03'),
(513, 'abc', 'B100', NULL, '2025-12-18', '09:00:00', 'booked', '2025-12-16 09:22:03'),
(514, 'abc', 'B101', NULL, '2025-12-16', '07:00:00', 'cancelled', '2025-12-16 09:22:11'),
(515, 'abc', 'B100', NULL, '2025-12-18', '12:00:00', 'cancelled', '2025-12-16 09:23:11'),
(516, '2401759', 'D100', NULL, '2025-12-16', '07:00:00', 'completed', '2025-12-16 10:27:26'),
(517, '2401759', 'D100', NULL, '2025-12-16', '08:00:00', 'completed', '2025-12-16 10:27:26'),
(518, '2401759', 'D100', NULL, '2025-12-16', '09:00:00', 'completed', '2025-12-16 10:27:26'),
(519, '2401759', 'D100', NULL, '2025-12-16', '10:00:00', 'completed', '2025-12-16 10:27:26'),
(520, '2401759', 'B100', NULL, '2025-12-18', '14:00:00', 'booked', '2025-12-16 10:33:10'),
(521, '2401759', 'B100', NULL, '2025-12-18', '13:00:00', 'booked', '2025-12-16 10:33:10'),
(522, '2401759', 'B100', NULL, '2025-12-18', '17:00:00', 'booked', '2025-12-16 10:33:10'),
(523, '2401759', 'B100', NULL, '2025-12-18', '16:00:00', 'booked', '2025-12-16 10:33:10'),
(524, '2401759', 'D100', NULL, '2025-12-17', '10:00:00', 'booked', '2025-12-16 10:46:05'),
(525, '2401759', 'B100', NULL, '2025-12-19', '07:00:00', 'cancelled', '2025-12-16 14:25:57'),
(526, '2401759', 'B100', NULL, '2025-12-19', '08:00:00', 'booked', '2025-12-16 19:01:14'),
(527, 'abc', 'D100', NULL, '2025-12-17', '11:00:00', 'rejected', '2025-12-16 19:48:46'),
(528, '2401759', 'B100', NULL, '2025-12-18', '10:00:00', 'booked', '2025-12-16 20:18:58'),
(529, '2401759', 'B100', NULL, '2025-12-18', '18:00:00', 'booked', '2025-12-16 20:18:58'),
(530, '2401759', 'B100', NULL, '2025-12-18', '21:00:00', 'rejected', '2025-12-16 20:18:58'),
(531, 'U001', 'B100', NULL, '2025-12-24', '07:00:00', 'booked', '2025-12-17 01:30:22'),
(532, 'U001', 'B100', NULL, '2025-12-18', '11:00:00', 'booked', '2025-12-17 01:30:35'),
(533, 'U001', 'B102', NULL, '2025-11-16', '17:00:00', 'cancelled', '2025-12-17 02:18:08'),
(534, 'U008', 'B200', NULL, '2025-11-19', '21:00:00', 'completed', '2025-12-17 02:18:08'),
(535, 'U001', 'B101', NULL, '2025-11-15', '20:00:00', 'booked', '2025-12-17 02:18:08'),
(536, 'U011', 'B100', NULL, '2025-11-12', '20:00:00', 'completed', '2025-12-17 02:18:08'),
(537, 'U008', 'B100', NULL, '2025-11-11', '17:00:00', 'completed', '2025-12-17 02:18:08'),
(538, 'U008', 'B200', NULL, '2025-11-01', '20:00:00', 'completed', '2025-12-17 02:18:08'),
(539, 'U005', 'D100', NULL, '2025-11-29', '20:00:00', 'booked', '2025-12-17 02:18:08'),
(540, 'U001', 'B200', NULL, '2025-11-10', '16:00:00', 'completed', '2025-12-17 02:18:08'),
(541, 'U008', 'D100', NULL, '2025-11-07', '16:00:00', 'booked', '2025-12-17 02:18:08'),
(542, 'U011', 'B102', NULL, '2025-11-03', '17:00:00', 'booked', '2025-12-17 02:18:08'),
(543, 'U011', 'B102', NULL, '2025-11-17', '18:00:00', 'booked', '2025-12-17 02:18:08'),
(544, 'U008', 'B102', NULL, '2025-11-07', '19:00:00', 'booked', '2025-12-17 02:18:08'),
(545, 'U001', 'B100', NULL, '2025-11-24', '19:00:00', 'booked', '2025-12-17 02:18:08'),
(546, 'U008', 'B101', NULL, '2025-11-29', '16:00:00', 'completed', '2025-12-17 02:18:08'),
(547, 'U007', 'B102', NULL, '2025-11-02', '16:00:00', 'booked', '2025-12-17 02:18:08'),
(548, 'U007', 'B200', NULL, '2025-11-25', '16:00:00', 'completed', '2025-12-17 02:18:08'),
(549, 'U008', 'B102', NULL, '2025-11-14', '17:00:00', 'booked', '2025-12-17 02:18:08'),
(550, 'U008', 'D100', NULL, '2025-11-22', '20:00:00', 'booked', '2025-12-17 02:18:08'),
(551, '2401759', 'B101', NULL, '2025-11-25', '18:00:00', 'completed', '2025-12-17 02:18:08'),
(552, '2401759', 'B102', NULL, '2025-11-02', '21:00:00', 'booked', '2025-12-17 02:18:08'),
(553, '2401759', 'B101', NULL, '2025-11-28', '20:00:00', 'cancelled', '2025-12-17 02:18:08'),
(554, 'U008', 'B200', NULL, '2025-11-06', '21:00:00', 'booked', '2025-12-17 02:18:08'),
(555, 'U007', 'A100', NULL, '2025-11-16', '21:00:00', 'booked', '2025-12-17 02:18:08'),
(556, 'U001', 'D100', NULL, '2025-11-23', '16:00:00', 'booked', '2025-12-17 02:18:08'),
(557, 'U001', 'B101', NULL, '2025-11-14', '18:00:00', 'booked', '2025-12-17 02:18:08'),
(558, 'U005', 'B101', NULL, '2025-11-11', '21:00:00', 'booked', '2025-12-17 02:18:08'),
(559, '2401759', 'B200', NULL, '2025-11-01', '16:00:00', 'booked', '2025-12-17 02:18:08'),
(560, 'U005', 'B200', NULL, '2025-11-24', '18:00:00', 'cancelled', '2025-12-17 02:18:08'),
(561, 'U005', 'B101', NULL, '2025-11-04', '20:00:00', 'booked', '2025-12-17 02:18:08'),
(562, 'U007', 'B100', NULL, '2025-11-16', '17:00:00', 'cancelled', '2025-12-17 02:18:08'),
(563, 'U005', 'B101', NULL, '2025-11-29', '17:00:00', 'booked', '2025-12-17 02:18:08'),
(564, 'U008', 'B101', NULL, '2025-11-08', '19:00:00', 'cancelled', '2025-12-17 02:18:08'),
(565, 'U001', 'A100', NULL, '2025-11-06', '21:00:00', 'booked', '2025-12-17 02:18:08'),
(566, '2401759', 'D100', NULL, '2025-11-17', '17:00:00', 'booked', '2025-12-17 02:18:08'),
(567, 'U008', 'B101', NULL, '2025-11-01', '17:00:00', 'booked', '2025-12-17 02:18:08'),
(568, 'U008', 'B102', NULL, '2025-11-05', '17:00:00', 'cancelled', '2025-12-17 02:18:08'),
(569, 'U007', 'A100', NULL, '2025-11-12', '21:00:00', 'cancelled', '2025-12-17 02:18:08'),
(570, 'U011', 'B101', NULL, '2025-11-09', '20:00:00', 'cancelled', '2025-12-17 02:18:08'),
(571, 'U007', 'A100', NULL, '2025-11-03', '19:00:00', 'completed', '2025-12-17 02:18:08'),
(572, 'U007', 'B100', NULL, '2025-11-18', '19:00:00', 'booked', '2025-12-17 02:18:08'),
(573, 'U001', 'B100', NULL, '2025-11-08', '17:00:00', 'completed', '2025-12-17 02:18:08'),
(574, 'U007', 'A100', NULL, '2025-11-14', '20:00:00', 'booked', '2025-12-17 02:18:08'),
(575, '2401759', 'A100', NULL, '2025-11-02', '20:00:00', 'booked', '2025-12-17 02:18:08'),
(576, 'U008', 'D100', NULL, '2025-11-29', '20:00:00', 'cancelled', '2025-12-17 02:18:08'),
(577, 'U008', 'D100', NULL, '2025-11-22', '21:00:00', 'booked', '2025-12-17 02:18:08'),
(578, 'U005', 'B102', NULL, '2025-11-11', '17:00:00', 'booked', '2025-12-17 02:18:08'),
(579, '2401759', 'B100', NULL, '2025-11-01', '21:00:00', 'cancelled', '2025-12-17 02:18:08'),
(580, 'U007', 'A100', NULL, '2025-11-30', '17:00:00', 'booked', '2025-12-17 02:18:08'),
(581, 'U011', 'B100', NULL, '2025-11-17', '20:00:00', 'cancelled', '2025-12-17 02:18:08'),
(582, 'U005', 'B102', NULL, '2025-11-04', '16:00:00', 'booked', '2025-12-17 02:18:08'),
(583, '2401759', 'B200', NULL, '2025-11-03', '18:00:00', 'completed', '2025-12-17 02:18:08'),
(584, 'U007', 'B101', NULL, '2025-11-24', '16:00:00', 'cancelled', '2025-12-17 02:18:08'),
(585, 'U001', 'D100', NULL, '2025-11-09', '19:00:00', 'booked', '2025-12-17 02:18:08'),
(586, 'U005', 'B101', NULL, '2025-11-18', '17:00:00', 'cancelled', '2025-12-17 02:18:08'),
(587, 'U001', 'D100', NULL, '2025-11-06', '17:00:00', 'completed', '2025-12-17 02:18:08'),
(588, 'U001', 'B102', NULL, '2025-11-06', '20:00:00', 'completed', '2025-12-17 02:18:08'),
(589, 'U005', 'B101', NULL, '2025-11-11', '20:00:00', 'booked', '2025-12-17 02:18:08'),
(590, 'U011', 'B101', NULL, '2025-11-15', '20:00:00', 'cancelled', '2025-12-17 02:18:08'),
(591, 'U008', 'B200', NULL, '2025-11-22', '17:00:00', 'booked', '2025-12-17 02:18:08'),
(592, 'U008', 'B102', NULL, '2025-11-01', '20:00:00', 'completed', '2025-12-17 02:18:08'),
(593, 'U008', 'B200', NULL, '2025-11-27', '21:00:00', 'booked', '2025-12-17 02:18:08'),
(594, 'U007', 'B100', NULL, '2025-11-13', '21:00:00', 'booked', '2025-12-17 02:18:08'),
(595, '2401759', 'B101', NULL, '2025-11-30', '17:00:00', 'booked', '2025-12-17 02:18:08'),
(596, 'U008', 'D100', NULL, '2025-11-16', '21:00:00', 'booked', '2025-12-17 02:18:08'),
(597, '2401759', 'B100', NULL, '2025-11-05', '18:00:00', 'cancelled', '2025-12-17 02:18:08'),
(598, 'U011', 'D100', NULL, '2025-11-23', '21:00:00', 'cancelled', '2025-12-17 02:18:08'),
(599, 'U001', 'B100', NULL, '2025-11-04', '16:00:00', 'booked', '2025-12-17 02:18:08'),
(600, 'U001', 'B101', NULL, '2025-11-09', '20:00:00', 'booked', '2025-12-17 02:18:08'),
(601, 'U007', 'B101', NULL, '2025-11-13', '18:00:00', 'cancelled', '2025-12-17 02:18:08'),
(602, 'U008', 'B101', NULL, '2025-11-01', '18:00:00', 'booked', '2025-12-17 02:18:08'),
(603, '2401759', 'B100', NULL, '2025-11-15', '21:00:00', 'booked', '2025-12-17 02:18:08'),
(604, 'U011', 'B200', NULL, '2025-11-29', '18:00:00', 'booked', '2025-12-17 02:18:08'),
(605, 'U007', 'B101', NULL, '2025-11-30', '21:00:00', 'cancelled', '2025-12-17 02:18:08'),
(606, 'U001', 'D100', NULL, '2025-11-30', '18:00:00', 'cancelled', '2025-12-17 02:18:08'),
(607, 'U001', 'D100', NULL, '2025-11-01', '19:00:00', 'booked', '2025-12-17 02:18:08'),
(608, 'U008', 'B100', NULL, '2025-11-09', '17:00:00', 'completed', '2025-12-17 02:18:08'),
(609, 'U008', 'B101', NULL, '2025-11-07', '17:00:00', 'booked', '2025-12-17 02:18:08'),
(610, 'U007', 'B101', NULL, '2025-11-07', '19:00:00', 'booked', '2025-12-17 02:18:08'),
(611, 'U005', 'B101', NULL, '2025-11-20', '20:00:00', 'completed', '2025-12-17 02:18:08'),
(612, 'U008', 'B100', NULL, '2025-11-06', '19:00:00', 'completed', '2025-12-17 02:18:08'),
(613, 'U007', 'B200', NULL, '2025-11-27', '17:00:00', 'booked', '2025-12-17 02:18:08'),
(614, 'U001', 'B101', NULL, '2025-11-05', '16:00:00', 'booked', '2025-12-17 02:18:08'),
(615, 'U011', 'D100', NULL, '2025-11-13', '17:00:00', 'cancelled', '2025-12-17 02:18:08'),
(616, 'U011', 'A100', NULL, '2025-11-16', '21:00:00', 'booked', '2025-12-17 02:18:08'),
(617, 'U008', 'B100', NULL, '2025-11-20', '17:00:00', 'booked', '2025-12-17 02:18:08'),
(618, 'U011', 'B101', NULL, '2025-11-27', '19:00:00', 'booked', '2025-12-17 02:18:08'),
(619, 'U001', 'B200', NULL, '2025-11-01', '20:00:00', 'booked', '2025-12-17 02:18:08'),
(620, 'U007', 'A100', NULL, '2025-11-23', '21:00:00', 'cancelled', '2025-12-17 02:18:08'),
(621, 'U011', 'B101', NULL, '2025-11-13', '18:00:00', 'completed', '2025-12-17 02:18:08'),
(622, 'U005', 'A100', NULL, '2025-11-14', '18:00:00', 'completed', '2025-12-17 02:18:08'),
(623, 'U005', 'A100', NULL, '2025-11-02', '20:00:00', 'booked', '2025-12-17 02:18:08'),
(624, '2401759', 'B200', NULL, '2025-11-16', '18:00:00', 'completed', '2025-12-17 02:18:08'),
(625, '2401759', 'B100', NULL, '2025-11-05', '19:00:00', 'cancelled', '2025-12-17 02:18:08'),
(626, 'U011', 'B102', NULL, '2025-11-10', '17:00:00', 'completed', '2025-12-17 02:18:08'),
(627, 'U011', 'B200', NULL, '2025-11-29', '19:00:00', 'cancelled', '2025-12-17 02:18:08'),
(628, 'U011', 'A100', NULL, '2025-11-01', '17:00:00', 'cancelled', '2025-12-17 02:18:08'),
(629, 'U008', 'B200', NULL, '2025-11-04', '16:00:00', 'booked', '2025-12-17 02:18:08'),
(630, 'U005', 'B100', NULL, '2025-11-11', '17:00:00', 'booked', '2025-12-17 02:18:08'),
(631, '2401759', 'B100', NULL, '2025-11-29', '20:00:00', 'booked', '2025-12-17 02:18:08'),
(632, 'U011', 'B101', NULL, '2025-11-17', '16:00:00', 'cancelled', '2025-12-17 02:18:08'),
(633, '2401759', 'D100', NULL, '2025-11-15', '21:00:00', 'booked', '2025-12-17 02:18:08'),
(634, 'U007', 'D100', NULL, '2025-11-10', '20:00:00', 'booked', '2025-12-17 02:18:08'),
(635, 'U005', 'B101', NULL, '2025-11-07', '18:00:00', 'booked', '2025-12-17 02:18:08'),
(636, 'U008', 'B102', NULL, '2025-11-27', '16:00:00', 'booked', '2025-12-17 02:18:08'),
(637, 'U011', 'B102', NULL, '2025-11-05', '19:00:00', 'cancelled', '2025-12-17 02:18:08'),
(638, '2401759', 'A100', NULL, '2025-11-02', '20:00:00', 'cancelled', '2025-12-17 02:18:08'),
(639, 'U005', 'B200', NULL, '2025-11-24', '18:00:00', 'cancelled', '2025-12-17 02:18:08'),
(640, 'U001', 'B102', NULL, '2025-11-11', '18:00:00', 'booked', '2025-12-17 02:18:08'),
(641, '2401759', 'B200', NULL, '2025-11-19', '20:00:00', 'completed', '2025-12-17 02:18:08'),
(642, 'U001', 'B101', NULL, '2025-11-05', '17:00:00', 'cancelled', '2025-12-17 02:18:08'),
(643, 'U001', 'B100', NULL, '2025-11-18', '19:00:00', 'booked', '2025-12-17 02:18:08'),
(644, 'U001', 'D100', NULL, '2025-11-14', '18:00:00', 'booked', '2025-12-17 02:18:08'),
(645, '2401759', 'B102', NULL, '2025-11-15', '17:00:00', 'cancelled', '2025-12-17 02:18:08'),
(646, 'U008', 'B101', NULL, '2025-11-17', '16:00:00', 'booked', '2025-12-17 02:18:08'),
(647, '2401759', 'B200', NULL, '2025-11-24', '19:00:00', 'cancelled', '2025-12-17 02:18:08'),
(648, 'U008', 'B200', NULL, '2025-11-14', '16:00:00', 'booked', '2025-12-17 02:18:08'),
(649, 'U005', 'B200', NULL, '2025-11-08', '16:00:00', 'cancelled', '2025-12-17 02:18:08'),
(650, 'U008', 'B102', NULL, '2025-11-14', '16:00:00', 'booked', '2025-12-17 02:18:08'),
(651, 'U008', 'B102', NULL, '2025-11-26', '21:00:00', 'booked', '2025-12-17 02:18:08'),
(652, 'U005', 'B102', NULL, '2025-11-03', '21:00:00', 'booked', '2025-12-17 02:18:08'),
(653, 'U007', 'B200', NULL, '2025-11-19', '21:00:00', 'cancelled', '2025-12-17 02:18:08'),
(654, 'U005', 'B102', NULL, '2025-11-30', '19:00:00', 'cancelled', '2025-12-17 02:18:08'),
(655, 'U011', 'B100', NULL, '2025-11-07', '16:00:00', 'completed', '2025-12-17 02:18:08'),
(656, '2401759', 'B102', NULL, '2025-11-19', '21:00:00', 'booked', '2025-12-17 02:18:08'),
(657, 'U005', 'D100', NULL, '2025-11-20', '20:00:00', 'booked', '2025-12-17 02:18:08'),
(658, 'U001', 'B100', NULL, '2025-11-14', '16:00:00', 'booked', '2025-12-17 02:18:08'),
(659, 'U011', 'D100', NULL, '2025-11-30', '17:00:00', 'completed', '2025-12-17 02:18:08'),
(660, 'U008', 'B102', NULL, '2025-11-10', '19:00:00', 'booked', '2025-12-17 02:18:08'),
(661, 'U011', 'B102', NULL, '2025-11-04', '18:00:00', 'booked', '2025-12-17 02:18:08'),
(662, 'U007', 'B100', NULL, '2025-11-22', '17:00:00', 'booked', '2025-12-17 02:18:08'),
(663, 'U008', 'B200', NULL, '2025-11-01', '21:00:00', 'cancelled', '2025-12-17 02:18:08'),
(664, 'U011', 'B102', NULL, '2025-11-09', '16:00:00', 'cancelled', '2025-12-17 02:18:08'),
(665, 'U007', 'D100', NULL, '2025-11-27', '21:00:00', 'completed', '2025-12-17 02:18:08'),
(666, '2401759', 'A100', NULL, '2025-11-17', '16:00:00', 'booked', '2025-12-17 02:18:08'),
(667, 'U001', 'B200', NULL, '2025-11-30', '20:00:00', 'completed', '2025-12-17 02:18:08'),
(668, 'U005', 'A100', NULL, '2025-11-30', '18:00:00', 'booked', '2025-12-17 02:18:08'),
(669, '2401759', 'D100', NULL, '2025-11-06', '17:00:00', 'cancelled', '2025-12-17 02:18:08'),
(670, 'U005', 'B200', NULL, '2025-11-07', '21:00:00', 'booked', '2025-12-17 02:18:08'),
(671, 'U008', 'B101', NULL, '2025-11-07', '17:00:00', 'booked', '2025-12-17 02:18:08'),
(672, 'U001', 'B101', NULL, '2025-11-03', '21:00:00', 'booked', '2025-12-17 02:18:08'),
(673, 'U001', 'B101', NULL, '2025-11-20', '17:00:00', 'completed', '2025-12-17 02:18:08'),
(674, 'U011', 'D100', NULL, '2025-11-20', '18:00:00', 'cancelled', '2025-12-17 02:18:08'),
(675, 'U011', 'A100', NULL, '2025-11-05', '21:00:00', 'booked', '2025-12-17 02:18:08'),
(676, '2401759', 'D100', NULL, '2025-11-02', '20:00:00', 'booked', '2025-12-17 02:18:08'),
(677, '2401759', 'B101', NULL, '2025-11-06', '21:00:00', 'booked', '2025-12-17 02:18:08'),
(678, 'U007', 'D100', NULL, '2025-11-11', '16:00:00', 'cancelled', '2025-12-17 02:18:08'),
(679, 'U007', 'B100', NULL, '2025-11-18', '20:00:00', 'cancelled', '2025-12-17 02:18:08'),
(680, 'U007', 'B100', NULL, '2025-11-19', '21:00:00', 'completed', '2025-12-17 02:18:08'),
(681, 'U007', 'B200', NULL, '2025-11-01', '21:00:00', 'completed', '2025-12-17 02:18:08'),
(682, 'U008', 'B102', NULL, '2025-11-20', '21:00:00', 'booked', '2025-12-17 02:18:08'),
(683, 'U001', 'B100', NULL, '2025-11-29', '17:00:00', 'completed', '2025-12-17 02:18:08'),
(684, '2401759', 'D100', NULL, '2025-11-30', '21:00:00', 'completed', '2025-12-17 02:18:08'),
(685, 'U011', 'B101', NULL, '2025-11-25', '17:00:00', 'completed', '2025-12-17 02:18:08'),
(686, 'U001', 'B200', NULL, '2025-11-21', '17:00:00', 'booked', '2025-12-17 02:18:08'),
(687, 'U007', 'D100', NULL, '2025-11-01', '19:00:00', 'cancelled', '2025-12-17 02:18:08'),
(688, 'U005', 'B200', NULL, '2025-11-21', '21:00:00', 'cancelled', '2025-12-17 02:18:08'),
(689, 'U005', 'D100', NULL, '2025-11-19', '17:00:00', 'booked', '2025-12-17 02:18:08'),
(690, 'U001', 'B101', NULL, '2025-11-06', '17:00:00', 'completed', '2025-12-17 02:18:08'),
(691, 'U011', 'B200', NULL, '2025-11-13', '16:00:00', 'cancelled', '2025-12-17 02:18:08'),
(692, 'U008', 'B200', NULL, '2025-11-28', '16:00:00', 'booked', '2025-12-17 02:18:08'),
(693, 'U001', 'B100', NULL, '2025-11-11', '19:00:00', 'completed', '2025-12-17 02:18:08'),
(694, 'U008', 'D100', NULL, '2025-11-26', '18:00:00', 'completed', '2025-12-17 02:18:08'),
(695, 'U008', 'B100', NULL, '2025-11-22', '19:00:00', 'cancelled', '2025-12-17 02:18:08'),
(696, '2401759', 'B102', NULL, '2025-11-15', '18:00:00', 'booked', '2025-12-17 02:18:08'),
(697, '2401759', 'B100', NULL, '2025-11-01', '21:00:00', 'cancelled', '2025-12-17 02:18:08'),
(698, 'U001', 'D100', NULL, '2025-11-15', '18:00:00', 'cancelled', '2025-12-17 02:18:08'),
(699, 'U011', 'B200', NULL, '2025-11-16', '16:00:00', 'booked', '2025-12-17 02:18:08'),
(700, 'U007', 'D100', NULL, '2025-11-04', '20:00:00', 'booked', '2025-12-17 02:18:08'),
(701, 'U005', 'D100', NULL, '2025-11-16', '16:00:00', 'completed', '2025-12-17 02:18:08'),
(702, 'U008', 'B100', NULL, '2025-11-09', '16:00:00', 'completed', '2025-12-17 02:18:08'),
(703, 'U007', 'B102', NULL, '2025-11-13', '19:00:00', 'booked', '2025-12-17 02:18:08'),
(704, 'U005', 'B200', NULL, '2025-11-20', '21:00:00', 'completed', '2025-12-17 02:18:08'),
(705, '2401759', 'B200', NULL, '2025-11-19', '20:00:00', 'completed', '2025-12-17 02:18:08'),
(706, 'U007', 'B102', NULL, '2025-11-14', '16:00:00', 'booked', '2025-12-17 02:18:08'),
(707, 'U005', 'B101', NULL, '2025-11-15', '19:00:00', 'booked', '2025-12-17 02:18:08'),
(708, '2401759', 'B101', NULL, '2025-11-04', '20:00:00', 'completed', '2025-12-17 02:18:08'),
(709, 'U007', 'A100', NULL, '2025-11-04', '20:00:00', 'booked', '2025-12-17 02:18:08'),
(710, 'U001', 'B102', NULL, '2025-11-13', '20:00:00', 'cancelled', '2025-12-17 02:18:08'),
(711, 'U007', 'B101', NULL, '2025-11-15', '21:00:00', 'cancelled', '2025-12-17 02:18:08'),
(712, 'U005', 'A100', NULL, '2025-11-15', '18:00:00', 'cancelled', '2025-12-17 02:18:08'),
(713, '2401759', 'B102', NULL, '2025-11-27', '17:00:00', 'completed', '2025-12-17 02:18:08'),
(714, '2401759', 'D100', NULL, '2025-11-28', '20:00:00', 'completed', '2025-12-17 02:18:08'),
(715, 'U007', 'B200', NULL, '2025-11-01', '20:00:00', 'booked', '2025-12-17 02:18:08'),
(716, 'U008', 'D100', NULL, '2025-11-13', '19:00:00', 'completed', '2025-12-17 02:18:08'),
(717, '2401759', 'B100', NULL, '2025-11-22', '19:00:00', 'booked', '2025-12-17 02:18:08'),
(718, 'U011', 'B200', NULL, '2025-11-05', '18:00:00', 'booked', '2025-12-17 02:18:08'),
(719, 'U008', 'B102', NULL, '2025-11-01', '20:00:00', 'cancelled', '2025-12-17 02:18:08'),
(788, 'U001', 'B100', NULL, '2025-11-23', '18:00:00', 'completed', '2025-12-17 02:18:15'),
(789, 'U001', 'B102', NULL, '2025-11-05', '18:00:00', 'cancelled', '2025-12-17 02:18:15'),
(790, 'U001', 'B102', NULL, '2025-11-04', '18:00:00', 'cancelled', '2025-12-17 02:18:15'),
(791, 'U001', 'B101', NULL, '2025-11-01', '16:00:00', 'booked', '2025-12-17 02:18:15'),
(792, 'U005', 'B200', NULL, '2025-11-30', '18:00:00', 'booked', '2025-12-17 02:18:15'),
(793, '2401759', 'A100', NULL, '2025-11-26', '20:00:00', 'cancelled', '2025-12-17 02:18:15'),
(794, 'U008', 'A100', NULL, '2025-11-10', '21:00:00', 'booked', '2025-12-17 02:18:15'),
(795, 'U007', 'A100', NULL, '2025-11-06', '16:00:00', 'cancelled', '2025-12-17 02:18:15'),
(796, 'U005', 'D100', NULL, '2025-11-04', '16:00:00', 'cancelled', '2025-12-17 02:18:15'),
(797, 'U007', 'B102', NULL, '2025-11-24', '21:00:00', 'booked', '2025-12-17 02:18:15'),
(798, 'U007', 'B101', NULL, '2025-11-18', '21:00:00', 'booked', '2025-12-17 02:18:15'),
(799, '2401759', 'B200', NULL, '2025-11-12', '21:00:00', 'cancelled', '2025-12-17 02:18:15'),
(800, 'U005', 'A100', NULL, '2025-11-25', '16:00:00', 'booked', '2025-12-17 02:18:15'),
(801, 'U005', 'A100', NULL, '2025-11-07', '17:00:00', 'completed', '2025-12-17 02:18:15'),
(802, 'U001', 'D100', NULL, '2025-11-10', '20:00:00', 'completed', '2025-12-17 02:18:15'),
(803, 'U011', 'A100', NULL, '2025-11-15', '20:00:00', 'completed', '2025-12-17 02:18:15'),
(804, 'U005', 'B200', NULL, '2025-11-01', '21:00:00', 'cancelled', '2025-12-17 02:18:15'),
(805, '2401759', 'B101', NULL, '2025-11-26', '18:00:00', 'completed', '2025-12-17 02:18:15'),
(806, 'U011', 'D100', NULL, '2025-11-07', '17:00:00', 'cancelled', '2025-12-17 02:18:15'),
(807, 'U007', 'B102', NULL, '2025-11-10', '17:00:00', 'booked', '2025-12-17 02:18:15'),
(808, 'U011', 'B102', NULL, '2025-11-20', '20:00:00', 'booked', '2025-12-17 02:18:15'),
(809, 'U011', 'B102', NULL, '2025-11-20', '20:00:00', 'completed', '2025-12-17 02:18:15'),
(810, '2401759', 'B102', NULL, '2025-11-28', '17:00:00', 'completed', '2025-12-17 02:18:15'),
(811, 'U005', 'B102', NULL, '2025-11-23', '18:00:00', 'cancelled', '2025-12-17 02:18:15'),
(812, 'U001', 'B101', NULL, '2025-11-28', '20:00:00', 'cancelled', '2025-12-17 02:18:15'),
(813, 'U007', 'B100', NULL, '2025-11-03', '18:00:00', 'cancelled', '2025-12-17 02:18:15'),
(814, 'U008', 'D100', NULL, '2025-11-17', '21:00:00', 'booked', '2025-12-17 02:18:15'),
(815, 'U005', 'D100', NULL, '2025-11-12', '17:00:00', 'booked', '2025-12-17 02:18:15'),
(816, 'U005', 'B101', NULL, '2025-11-15', '21:00:00', 'cancelled', '2025-12-17 02:18:15'),
(817, 'U001', 'B101', NULL, '2025-11-24', '16:00:00', 'cancelled', '2025-12-17 02:18:15'),
(818, 'U001', 'B200', NULL, '2025-11-22', '19:00:00', 'booked', '2025-12-17 02:18:15'),
(819, 'U001', 'B102', NULL, '2025-11-05', '19:00:00', 'booked', '2025-12-17 02:18:15'),
(820, '2401759', 'D100', NULL, '2025-11-15', '19:00:00', 'cancelled', '2025-12-17 02:18:15'),
(821, '2401759', 'B100', NULL, '2025-11-02', '16:00:00', 'booked', '2025-12-17 02:18:15'),
(822, 'U007', 'D100', NULL, '2025-11-29', '16:00:00', 'completed', '2025-12-17 02:18:15'),
(823, 'U008', 'D100', NULL, '2025-11-28', '20:00:00', 'booked', '2025-12-17 02:18:15'),
(824, 'U005', 'A100', NULL, '2025-11-09', '19:00:00', 'booked', '2025-12-17 02:18:15'),
(825, 'U007', 'B102', NULL, '2025-11-12', '20:00:00', 'cancelled', '2025-12-17 02:18:15'),
(826, 'U011', 'B100', NULL, '2025-11-10', '18:00:00', 'booked', '2025-12-17 02:18:15'),
(827, 'U008', 'D100', NULL, '2025-11-27', '18:00:00', 'booked', '2025-12-17 02:18:15'),
(828, '2401759', 'B200', NULL, '2025-11-26', '21:00:00', 'completed', '2025-12-17 02:18:15'),
(829, '2401759', 'B102', NULL, '2025-11-12', '20:00:00', 'booked', '2025-12-17 02:18:15'),
(830, 'U007', 'B100', NULL, '2025-11-20', '21:00:00', 'cancelled', '2025-12-17 02:18:15'),
(831, 'U005', 'D100', NULL, '2025-11-26', '17:00:00', 'cancelled', '2025-12-17 02:18:15'),
(832, 'U008', 'B100', NULL, '2025-11-11', '17:00:00', 'booked', '2025-12-17 02:18:15'),
(833, 'U007', 'B100', NULL, '2025-11-16', '18:00:00', 'cancelled', '2025-12-17 02:18:15'),
(834, '2401759', 'B102', NULL, '2025-11-30', '20:00:00', 'completed', '2025-12-17 02:18:15'),
(835, 'U008', 'B101', NULL, '2025-11-21', '20:00:00', 'booked', '2025-12-17 02:18:15'),
(836, 'U008', 'A100', NULL, '2025-11-28', '21:00:00', 'booked', '2025-12-17 02:18:15'),
(837, '2401759', 'D100', NULL, '2025-11-19', '18:00:00', 'booked', '2025-12-17 02:18:15'),
(838, 'U008', 'B102', NULL, '2025-11-16', '19:00:00', 'completed', '2025-12-17 02:18:15'),
(839, 'U008', 'B101', NULL, '2025-11-22', '16:00:00', 'cancelled', '2025-12-17 02:18:15'),
(840, 'U008', 'B100', NULL, '2025-11-28', '18:00:00', 'booked', '2025-12-17 02:18:15'),
(841, 'U005', 'A100', NULL, '2025-11-18', '21:00:00', 'completed', '2025-12-17 02:18:15'),
(842, 'U001', 'D100', NULL, '2025-11-05', '16:00:00', 'cancelled', '2025-12-17 02:18:15'),
(843, 'U008', 'B200', NULL, '2025-11-08', '21:00:00', 'booked', '2025-12-17 02:18:15'),
(844, 'U001', 'D100', NULL, '2025-11-24', '18:00:00', 'cancelled', '2025-12-17 02:18:15'),
(845, 'U007', 'A100', NULL, '2025-11-15', '20:00:00', 'completed', '2025-12-17 02:18:15'),
(846, 'U007', 'B101', NULL, '2025-11-21', '18:00:00', 'booked', '2025-12-17 02:18:15'),
(847, '2401759', 'A100', NULL, '2025-11-17', '21:00:00', 'booked', '2025-12-17 02:18:15'),
(848, 'U008', 'B101', NULL, '2025-11-13', '17:00:00', 'completed', '2025-12-17 02:18:15'),
(849, 'U007', 'A100', NULL, '2025-11-23', '16:00:00', 'booked', '2025-12-17 02:18:15'),
(850, 'U001', 'B101', NULL, '2025-11-10', '21:00:00', 'booked', '2025-12-17 02:18:15'),
(851, 'U001', 'A100', NULL, '2025-11-09', '18:00:00', 'completed', '2025-12-17 02:18:15'),
(852, '2401759', 'B100', NULL, '2025-11-30', '20:00:00', 'completed', '2025-12-17 02:18:15'),
(853, 'U011', 'A100', NULL, '2025-11-23', '21:00:00', 'booked', '2025-12-17 02:18:15'),
(854, 'U005', 'D100', NULL, '2025-11-18', '18:00:00', 'cancelled', '2025-12-17 02:18:15'),
(855, 'U008', 'D100', NULL, '2025-11-21', '20:00:00', 'completed', '2025-12-17 02:18:15'),
(856, '2401759', 'B102', NULL, '2025-11-19', '16:00:00', 'booked', '2025-12-17 02:18:15'),
(857, '2401759', 'D100', NULL, '2025-11-29', '20:00:00', 'booked', '2025-12-17 02:18:15'),
(858, 'U011', 'A100', NULL, '2025-11-19', '18:00:00', 'booked', '2025-12-17 02:18:15'),
(859, 'U007', 'B101', NULL, '2025-11-30', '21:00:00', 'cancelled', '2025-12-17 02:18:15'),
(860, 'U001', 'B200', NULL, '2025-11-27', '17:00:00', 'completed', '2025-12-17 02:18:15'),
(861, 'U008', 'B200', NULL, '2025-11-02', '17:00:00', 'cancelled', '2025-12-17 02:18:15'),
(862, 'U011', 'B200', NULL, '2025-11-06', '19:00:00', 'booked', '2025-12-17 02:18:15'),
(863, 'U001', 'B200', NULL, '2025-11-01', '20:00:00', 'cancelled', '2025-12-17 02:18:15'),
(864, 'U008', 'D100', NULL, '2025-11-06', '18:00:00', 'booked', '2025-12-17 02:18:15'),
(865, 'U001', 'D100', NULL, '2025-11-13', '17:00:00', 'cancelled', '2025-12-17 02:18:15'),
(866, 'U011', 'A100', NULL, '2025-11-01', '17:00:00', 'cancelled', '2025-12-17 02:18:15'),
(867, 'U011', 'A100', NULL, '2025-11-15', '21:00:00', 'booked', '2025-12-17 02:18:15'),
(868, 'U007', 'A100', NULL, '2025-11-07', '17:00:00', 'booked', '2025-12-17 02:18:15'),
(869, 'U005', 'B200', NULL, '2025-11-10', '18:00:00', 'booked', '2025-12-17 02:18:15'),
(870, 'U001', 'B200', NULL, '2025-11-03', '17:00:00', 'completed', '2025-12-17 02:18:15'),
(871, 'U007', 'B101', NULL, '2025-11-17', '21:00:00', 'cancelled', '2025-12-17 02:18:15'),
(872, 'U011', 'B100', NULL, '2025-11-08', '16:00:00', 'cancelled', '2025-12-17 02:18:15'),
(873, 'U005', 'A100', NULL, '2025-11-24', '21:00:00', 'booked', '2025-12-17 02:18:15'),
(874, '2401759', 'B100', NULL, '2025-11-01', '21:00:00', 'cancelled', '2025-12-17 02:18:15'),
(875, 'U007', 'B102', NULL, '2025-11-15', '21:00:00', 'booked', '2025-12-17 02:18:15'),
(876, 'U011', 'D100', NULL, '2025-11-23', '17:00:00', 'cancelled', '2025-12-17 02:18:15'),
(877, 'U001', 'B100', NULL, '2025-11-28', '17:00:00', 'booked', '2025-12-17 02:18:15'),
(878, 'U008', 'B200', NULL, '2025-11-14', '16:00:00', 'booked', '2025-12-17 02:18:15'),
(879, 'U005', 'A100', NULL, '2025-11-17', '21:00:00', 'cancelled', '2025-12-17 02:18:15'),
(880, '2401759', 'B102', NULL, '2025-11-28', '16:00:00', 'cancelled', '2025-12-17 02:18:15'),
(881, 'U005', 'D100', NULL, '2025-11-04', '16:00:00', 'cancelled', '2025-12-17 02:18:15'),
(882, 'U008', 'B200', NULL, '2025-11-22', '17:00:00', 'booked', '2025-12-17 02:18:15'),
(883, 'U008', 'B100', NULL, '2025-11-18', '19:00:00', 'booked', '2025-12-17 02:18:15'),
(884, '2401759', 'B200', NULL, '2025-11-16', '18:00:00', 'completed', '2025-12-17 02:18:15'),
(885, 'U001', 'A100', NULL, '2025-11-26', '18:00:00', 'completed', '2025-12-17 02:18:15'),
(886, 'U007', 'B100', NULL, '2025-11-30', '18:00:00', 'booked', '2025-12-17 02:18:15'),
(887, 'U011', 'B102', NULL, '2025-11-14', '20:00:00', 'booked', '2025-12-17 02:18:15'),
(888, '2401759', 'B200', NULL, '2025-11-22', '17:00:00', 'booked', '2025-12-17 02:18:15'),
(889, 'U005', 'D100', NULL, '2025-11-19', '17:00:00', 'completed', '2025-12-17 02:18:15'),
(890, 'U005', 'B101', NULL, '2025-11-02', '18:00:00', 'booked', '2025-12-17 02:18:15'),
(891, 'U011', 'B100', NULL, '2025-11-26', '16:00:00', 'completed', '2025-12-17 02:18:15'),
(892, 'U011', 'D100', NULL, '2025-11-29', '17:00:00', 'completed', '2025-12-17 02:18:15'),
(893, '2401759', 'A100', NULL, '2025-11-24', '18:00:00', 'completed', '2025-12-17 02:18:15'),
(894, 'U001', 'B101', NULL, '2025-11-17', '21:00:00', 'booked', '2025-12-17 02:18:15'),
(895, 'U008', 'B100', NULL, '2025-11-13', '20:00:00', 'cancelled', '2025-12-17 02:18:15'),
(896, 'U008', 'A100', NULL, '2025-11-22', '20:00:00', 'booked', '2025-12-17 02:18:15'),
(897, '2401759', 'A100', NULL, '2025-11-10', '21:00:00', 'completed', '2025-12-17 02:18:15'),
(898, '2401759', 'A100', NULL, '2025-11-05', '16:00:00', 'booked', '2025-12-17 02:18:15'),
(899, 'U011', 'B101', NULL, '2025-11-09', '21:00:00', 'cancelled', '2025-12-17 02:18:15'),
(900, '2401759', 'A100', NULL, '2025-11-19', '17:00:00', 'booked', '2025-12-17 02:18:15'),
(901, 'U007', 'B100', NULL, '2025-11-24', '18:00:00', 'cancelled', '2025-12-17 02:18:15'),
(902, 'U008', 'B102', NULL, '2025-11-27', '16:00:00', 'cancelled', '2025-12-17 02:18:15'),
(903, 'U007', 'D100', NULL, '2025-11-13', '17:00:00', 'cancelled', '2025-12-17 02:18:15'),
(904, 'U011', 'A100', NULL, '2025-11-24', '16:00:00', 'booked', '2025-12-17 02:18:15'),
(905, 'U011', 'A100', NULL, '2025-11-20', '19:00:00', 'booked', '2025-12-17 02:18:15'),
(906, 'U005', 'A100', NULL, '2025-11-16', '20:00:00', 'completed', '2025-12-17 02:18:15'),
(907, '2401759', 'B101', NULL, '2025-11-26', '18:00:00', 'cancelled', '2025-12-17 02:18:15'),
(908, 'U011', 'B100', NULL, '2025-11-17', '19:00:00', 'booked', '2025-12-17 02:18:15'),
(909, 'U008', 'B200', NULL, '2025-11-04', '18:00:00', 'cancelled', '2025-12-17 02:18:15'),
(910, 'U011', 'B101', NULL, '2025-11-08', '19:00:00', 'booked', '2025-12-17 02:18:15'),
(911, 'U001', 'B200', NULL, '2025-11-29', '18:00:00', 'booked', '2025-12-17 02:18:15'),
(912, 'U005', 'A100', NULL, '2025-11-24', '21:00:00', 'cancelled', '2025-12-17 02:18:15'),
(913, 'U005', 'B100', NULL, '2025-11-02', '16:00:00', 'booked', '2025-12-17 02:18:15'),
(914, 'U007', 'A100', NULL, '2025-11-19', '18:00:00', 'booked', '2025-12-17 02:18:15'),
(915, 'U005', 'B102', NULL, '2025-11-06', '19:00:00', 'completed', '2025-12-17 02:18:15'),
(916, 'U008', 'B100', NULL, '2025-11-04', '18:00:00', 'completed', '2025-12-17 02:18:15'),
(917, 'U005', 'D100', NULL, '2025-11-02', '18:00:00', 'completed', '2025-12-17 02:18:15'),
(918, 'U011', 'B102', NULL, '2025-11-28', '16:00:00', 'completed', '2025-12-17 02:18:15'),
(919, 'U008', 'B101', NULL, '2025-11-27', '19:00:00', 'booked', '2025-12-17 02:18:15'),
(920, 'U001', 'D100', NULL, '2025-11-10', '20:00:00', 'cancelled', '2025-12-17 02:18:15'),
(921, '2401759', 'B100', NULL, '2025-11-20', '17:00:00', 'booked', '2025-12-17 02:18:15'),
(922, 'U011', 'B100', NULL, '2025-11-26', '21:00:00', 'cancelled', '2025-12-17 02:18:15'),
(923, 'U001', 'B101', NULL, '2025-11-13', '18:00:00', 'cancelled', '2025-12-17 02:18:15'),
(924, 'U008', 'B102', NULL, '2025-11-24', '20:00:00', 'booked', '2025-12-17 02:18:15'),
(925, 'U005', 'D100', NULL, '2025-11-04', '19:00:00', 'completed', '2025-12-17 02:18:15'),
(926, 'U001', 'D100', NULL, '2025-11-29', '16:00:00', 'booked', '2025-12-17 02:18:15'),
(927, 'U008', 'A100', NULL, '2025-11-03', '20:00:00', 'booked', '2025-12-17 02:18:15'),
(928, 'U008', 'D100', NULL, '2025-11-30', '21:00:00', 'completed', '2025-12-17 02:18:15'),
(929, 'U008', 'D100', NULL, '2025-11-29', '20:00:00', 'booked', '2025-12-17 02:18:15'),
(930, '2401759', 'A100', NULL, '2025-11-13', '17:00:00', 'booked', '2025-12-17 02:18:15'),
(931, 'U001', 'B200', NULL, '2025-11-30', '20:00:00', 'cancelled', '2025-12-17 02:18:15'),
(932, '2401759', 'D100', NULL, '2025-11-03', '18:00:00', 'booked', '2025-12-17 02:18:15'),
(933, 'U001', 'B100', NULL, '2025-11-19', '20:00:00', 'booked', '2025-12-17 02:18:15'),
(934, 'U001', 'A100', NULL, '2025-11-17', '16:00:00', 'cancelled', '2025-12-17 02:18:15'),
(935, 'U005', 'B102', NULL, '2025-11-15', '17:00:00', 'cancelled', '2025-12-17 02:18:15'),
(936, 'U011', 'A100', NULL, '2025-11-29', '20:00:00', 'booked', '2025-12-17 02:18:15'),
(937, 'U011', 'D100', NULL, '2025-11-06', '17:00:00', 'completed', '2025-12-17 02:18:15'),
(938, 'U011', 'B102', NULL, '2025-11-17', '18:00:00', 'booked', '2025-12-17 02:18:15'),
(939, 'U008', 'B102', NULL, '2025-11-13', '21:00:00', 'completed', '2025-12-17 02:18:15'),
(940, 'U007', 'B200', NULL, '2025-11-26', '17:00:00', 'booked', '2025-12-17 02:18:15'),
(941, '2401759', 'B200', NULL, '2025-11-06', '20:00:00', 'cancelled', '2025-12-17 02:18:15'),
(942, 'U007', 'B101', NULL, '2025-11-19', '17:00:00', 'booked', '2025-12-17 02:18:15'),
(943, 'U011', 'D100', NULL, '2025-11-08', '18:00:00', 'booked', '2025-12-17 02:18:15'),
(944, 'U008', 'B200', NULL, '2025-11-22', '16:00:00', 'cancelled', '2025-12-17 02:18:15'),
(945, 'U007', 'B100', NULL, '2025-11-01', '19:00:00', 'cancelled', '2025-12-17 02:18:15'),
(946, 'U008', 'B101', NULL, '2025-11-30', '16:00:00', 'completed', '2025-12-17 02:18:15'),
(947, 'U001', 'B100', NULL, '2025-11-09', '18:00:00', 'booked', '2025-12-17 02:18:15'),
(948, 'U011', 'B101', NULL, '2025-11-13', '18:00:00', 'cancelled', '2025-12-17 02:18:15'),
(949, 'U008', 'B101', NULL, '2025-11-29', '16:00:00', 'booked', '2025-12-17 02:18:15'),
(950, 'U007', 'B100', NULL, '2025-11-09', '18:00:00', 'booked', '2025-12-17 02:18:15'),
(951, '2401759', 'B102', NULL, '2025-11-14', '17:00:00', 'cancelled', '2025-12-17 02:18:15'),
(952, 'U007', 'B101', NULL, '2025-11-22', '20:00:00', 'booked', '2025-12-17 02:18:15'),
(953, 'U011', 'B102', NULL, '2025-11-18', '19:00:00', 'completed', '2025-12-17 02:18:15'),
(954, '2401759', 'D100', NULL, '2025-11-06', '18:00:00', 'booked', '2025-12-17 02:18:15'),
(955, 'U007', 'A100', NULL, '2025-11-22', '21:00:00', 'booked', '2025-12-17 02:18:15'),
(956, 'U005', 'B101', NULL, '2025-11-13', '16:00:00', 'booked', '2025-12-17 02:18:15'),
(957, 'U005', 'B101', NULL, '2025-11-06', '21:00:00', 'booked', '2025-12-17 02:18:15'),
(958, 'U005', 'B101', NULL, '2025-11-28', '20:00:00', 'booked', '2025-12-17 02:18:15'),
(959, '2401759', 'B102', NULL, '2025-11-17', '20:00:00', 'booked', '2025-12-17 02:18:15'),
(960, 'U001', 'B200', NULL, '2025-11-07', '20:00:00', 'cancelled', '2025-12-17 02:18:15'),
(961, 'U008', 'D100', NULL, '2025-11-19', '19:00:00', 'completed', '2025-12-17 02:18:15'),
(962, 'U008', 'A100', NULL, '2025-11-15', '19:00:00', 'booked', '2025-12-17 02:18:15'),
(963, 'U005', 'D100', NULL, '2025-11-10', '16:00:00', 'booked', '2025-12-17 02:18:15'),
(964, 'U007', 'B102', NULL, '2025-11-17', '18:00:00', 'booked', '2025-12-17 02:18:15'),
(965, 'U008', 'A100', NULL, '2025-11-25', '19:00:00', 'booked', '2025-12-17 02:18:15'),
(966, 'U011', 'B101', NULL, '2025-11-03', '18:00:00', 'booked', '2025-12-17 02:18:15'),
(967, 'U005', 'B102', NULL, '2025-11-30', '20:00:00', 'booked', '2025-12-17 02:18:15'),
(968, '2401759', 'B102', NULL, '2025-11-28', '16:00:00', 'completed', '2025-12-17 02:18:15'),
(969, '2401759', 'B101', NULL, '2025-11-07', '17:00:00', 'completed', '2025-12-17 02:18:15'),
(970, 'U011', 'A100', NULL, '2025-11-20', '20:00:00', 'completed', '2025-12-17 02:18:15'),
(971, 'U007', 'B102', NULL, '2025-11-03', '17:00:00', 'booked', '2025-12-17 02:18:15'),
(972, 'U001', 'B102', NULL, '2025-11-20', '20:00:00', 'booked', '2025-12-17 02:18:15'),
(973, 'U007', 'B101', NULL, '2025-11-23', '20:00:00', 'completed', '2025-12-17 02:18:15'),
(974, 'U011', 'B102', NULL, '2025-11-07', '16:00:00', 'cancelled', '2025-12-17 02:18:15'),
(1043, '2401759', 'D100', NULL, '2025-12-18', '07:00:00', 'booked', '2025-12-17 02:59:30'),
(1044, '2401759', 'D100', NULL, '2025-12-18', '08:00:00', 'booked', '2025-12-17 02:59:30'),
(1045, '2401759', 'D100', NULL, '2025-12-20', '10:00:00', 'cancelled', '2025-12-17 03:21:55'),
(1046, '2401759', 'D100', NULL, '2025-12-20', '11:00:00', 'rejected', '2025-12-17 03:21:55'),
(1047, '1234569', 'B100', NULL, '2025-12-18', '07:00:00', 'rejected', '2025-12-17 03:30:23'),
(1048, '1234566', 'A100', NULL, '2025-12-18', '07:00:00', 'booked', '2025-12-17 04:32:56'),
(1049, '1234566', 'A100', NULL, '2025-12-18', '11:00:00', 'booked', '2025-12-17 04:32:56'),
(1050, '1234567', 'B100', NULL, '2025-12-22', '08:00:00', 'booked', '2025-12-22 11:33:23');

-- --------------------------------------------------------

--
-- Table structure for table `events`
--

CREATE TABLE `events` (
  `event_id` int(11) NOT NULL,
  `name` varchar(100) NOT NULL,
  `description` varchar(100) NOT NULL,
  `venue_id` varchar(10) NOT NULL,
  `start_date` date NOT NULL,
  `start_time` time NOT NULL,
  `end_date` date NOT NULL,
  `end_time` time NOT NULL
) ENGINE=InnoDB DEFAULT CHARSET=utf8mb4 COLLATE=utf8mb4_general_ci;

--
-- Dumping data for table `events`
--

INSERT INTO `events` (`event_id`, `name`, `description`, `venue_id`, `start_date`, `start_time`, `end_date`, `end_time`) VALUES
(9, 'Badminton Friendly Match', '', 'B100', '2025-12-16', '07:00:00', '2025-12-17', '21:00:00'),
(11, '3v3 Basketball', 'abc', 'D100', '2025-12-26', '07:00:00', '2025-12-27', '12:00:00'),
(12, 'friendly match', 'Entry Fee: RM 30\r\nContact Number : 016 - 922 0357', 'B200', '2025-12-18', '07:00:00', '2025-12-20', '12:00:00'),
(14, 'Table Tennis Tournament', '', 'B300', '2025-12-24', '07:00:00', '2025-12-25', '21:00:00');

-- --------------------------------------------------------

--
-- Table structure for table `feedback`
--

CREATE TABLE `feedback` (
  `feedback_id` int(11) NOT NULL,
  `user_id` varchar(30) NOT NULL,
  `subject` varchar(150) NOT NULL,
  `message` text NOT NULL,
  `respond` text DEFAULT NULL,
  `status` enum('pending','reviewed','resolved') DEFAULT 'pending',
  `submitted_at` datetime DEFAULT current_timestamp(),
  `respond_at` timestamp NULL DEFAULT NULL,
  `category` varchar(50) NOT NULL DEFAULT 'General'
) ENGINE=InnoDB DEFAULT CHARSET=utf8mb4 COLLATE=utf8mb4_general_ci;

--
-- Dumping data for table `feedback`
--

INSERT INTO `feedback` (`feedback_id`, `user_id`, `subject`, `message`, `respond`, `status`, `submitted_at`, `respond_at`, `category`) VALUES
(1, 'U001', 'Booking Issue', 'I was unable to book the badminton court for today.', 'Hi sorry', 'reviewed', '2025-11-20 14:35:59', '2025-11-02 06:44:07', 'General'),
(2, 'U002', 'Gym Equipment', 'Some dumbbells in the gym are broken.', 'Thank you for reporting. We will repair them tomorrow.', 'reviewed', '2025-11-20 14:35:59', '2025-01-05 04:00:00', 'General'),
(3, 'U003', 'Court Availability', 'Can we extend futsal court hours in the evening?', NULL, 'pending', '2025-11-20 14:35:59', NULL, 'General'),
(4, 'U004', 'Swimming Pool Cleanliness', 'The swimming pool water seems a bit dirty.', 'We have cleaned the pool today. Thank you for letting us know.', 'resolved', '2025-11-20 14:35:59', '2025-01-06 01:30:00', 'General'),
(5, 'U005', 'Volleyball Net', 'The volleyball net is loose and needs adjustment.', 'Maintenance has been notified and will fix it shortly.', 'reviewed', '2025-11-20 14:35:59', '2025-01-07 06:00:00', 'General'),
(6, 'U006', 'Booking Confirmation', 'I did not receive a confirmation email for my booking.', NULL, 'pending', '2025-11-20 14:35:59', NULL, 'General'),
(7, 'U007', 'Table Tennis Table', 'One of the table tennis tables is missing paddles.', 'New paddles have been added. Enjoy your game!', 'resolved', '2025-11-20 14:35:59', '2025-01-08 03:00:00', 'General'),
(8, 'U008', 'Futsal Court Lights', 'Lights in the futsal court are flickering.', 'We scheduled an electrician to check the lights tomorrow.', 'reviewed', '2025-11-20 14:35:59', '2025-01-09 07:30:00', 'General'),
(9, 'U009', 'Pickleball Court', 'Can we have more pickleball courts in Block C?', NULL, 'pending', '2025-11-20 14:35:59', NULL, 'General'),
(10, 'U010', 'Gym Hours', 'Can the gym open earlier in the morning?', 'We will adjust the opening hours starting next week.', 'reviewed', '2025-11-20 14:35:59', '2025-01-10 00:00:00', 'General'),
(11, 'U001', 'Test Subject', 'test test test', NULL, 'pending', '2025-11-20 14:43:37', NULL, 'General'),
(12, 'U001', 'Test Subject', 'test test test', NULL, 'pending', '2025-11-20 14:44:27', NULL, 'General'),
(13, 'U001', 'Test Subject', 'test test test', NULL, 'pending', '2025-11-20 14:46:28', NULL, 'General'),
(14, 'U001', 'Test Subject', 'test test test', NULL, 'pending', '2025-11-20 14:50:46', NULL, 'General'),
(15, 'U001', 'Test Subject 2', 'fdfdfdfdfdfdf', NULL, 'pending', '2025-11-20 14:50:58', NULL, 'General'),
(16, 'U001', 'fdfdfee', 'efefefefef', 'test', 'resolved', '2025-11-20 14:56:21', '2025-12-09 21:08:16', 'General'),
(17, 'U001', 'tests', 'tetestsetsetest', NULL, 'pending', '2025-11-20 15:13:36', NULL, 'General'),
(18, 'U001', 'Test Subject', 'rererererere', NULL, 'pending', '2025-11-20 15:34:31', NULL, 'Suggestion'),
(19, 'U001', 'testttttttt23', 'tesssssssssssssssssst', 'test', 'reviewed', '2025-11-22 16:05:27', '2025-12-09 21:07:44', 'Facility'),
(20, '2401759', 'Maintenance', 'The facility in maintenance and cannot make cannot sport today', 'good catch', 'reviewed', '2025-12-17 11:02:11', '2025-12-16 20:12:59', 'Service'),
(21, '2401759', 'duplicate booking', 'duplicate the booking with another user', 'we will fix that as soon as possible', 'resolved', '2025-12-17 11:23:41', '2025-12-16 20:34:45', 'Booking'),
(22, '1234566', 'the swimming is dirty', 'can u clean asap', 'okkay thx for remind', 'reviewed', '2025-12-17 12:33:52', '2025-12-16 21:34:31', 'Complaint');

-- --------------------------------------------------------

--
-- Table structure for table `users`
--

CREATE TABLE `users` (
  `user_id` varchar(30) NOT NULL,
  `name` varchar(100) NOT NULL,
  `email` varchar(100) NOT NULL,
  `password` varchar(255) NOT NULL,
  `role` enum('user','admin','staff','student') DEFAULT 'user',
  `avatar_path` varchar(255) DEFAULT 'images/default_avatar.png',
  `living_place` varchar(255) DEFAULT NULL,
  `phone_number` varchar(20) DEFAULT NULL,
  `date_of_birth` date DEFAULT NULL,
  `gender` enum('male','female','other') DEFAULT NULL,
  `status` enum('active','inactive','blacklisted','pending') DEFAULT 'pending',
  `created_at` timestamp NOT NULL DEFAULT current_timestamp()
) ENGINE=InnoDB DEFAULT CHARSET=utf8mb4 COLLATE=utf8mb4_general_ci;

--
-- Dumping data for table `users`
--

INSERT INTO `users` (`user_id`, `name`, `email`, `password`, `role`, `avatar_path`, `living_place`, `phone_number`, `date_of_birth`, `gender`, `status`, `created_at`) VALUES
('123123123', 'ALEX NG WEN', 'alexngwenjia2@gmail.com', '$2y$10$sTnQ7i/9agJ/cOjZng07nepExwpwEmgp8zMNNcn4rJzAf5Oejbmw2', 'student', 'images/bartender.png', 'atest123', '0103662612123', '2026-01-02', 'other', 'active', '2025-12-15 15:42:59'),
('1234', 'Yoyo', 'yoyo@student.tarc.edu.my', '$2y$10$Dl0HAsxkBQe38gxzbiBmReLT9zIw/bC1p64wEIGqTNBbvUccjtPtK', 'staff', 'images/avatar/default.png', NULL, NULL, NULL, NULL, 'active', '2025-12-16 15:55:13'),
('1234560', 'alex chong', 'alex@student.tarc.edu.my', '$2y$10$6SauKn1GsjDZ6xBN5KYUwuXj97X2ozUTtfd5gA7rLXccKern11rsi', 'student', 'images/avatar/default.png', NULL, NULL, NULL, NULL, 'active', '2025-12-17 02:55:01'),
('1234566', 'alex ng', 'alex12354@student.tarc.edu.my', '$2y$10$/cUpPaA2xpS5yJFg5D.Id.ZxpbfUoQ.gqa4kMGSsrm5Mm5Ms52R3y', 'student', 'images/avatar/default.png', NULL, NULL, NULL, NULL, 'active', '2025-12-17 04:25:50'),
('1234567', 'Alex Chong', 'alexngrr@student.tarc.edu.my', '$2y$10$lph3j09Gxz0D5s6lY6pdpuVRLj9acNu3dCuHOzya8vYbGYeQJYG3.', 'student', 'images/avatar/default.png', NULL, NULL, NULL, NULL, 'active', '2025-12-17 03:18:49'),
('1234569', 'Alex Chong', 'alexchong@student.tarc.edu.my', '$2y$10$Rb7.1qPbp/60U3nwD70oE.857BGqJKPJNYYYXKXtLZ/8lBc3yCTaG', 'student', 'images/avatar/default.png', NULL, NULL, NULL, NULL, 'active', '2025-12-17 02:52:19'),
('2401759', 'CCJ', 'ccj05@student.tarc.edu.my', '$2y$10$E3iNuMYiXYBbSIaq1x2aP.W0y1bRB2v4/c4SpTR/Hofq9PAGvPynS', 'student', 'images/avatar/default.png', '', '', '2025-12-18', 'male', 'active', '2025-12-16 09:32:02'),
('ADM002', 'System Admin 2', 'admin2@tarc.edu.my', '$2y$10$examplehashA1', 'admin', 'images/avatar/default.png', 'Kuala Lumpur', '0198901234', '1985-02-25', 'other', 'active', '2025-12-17 02:15:39'),
('admin', 'Administrator', 'admin@example.com', '$2y$10$92IXUNpkjO0rOQ5byMi.Ye4oKoEa3Ro9llC/.og/at2.uheWG/igi', 'admin', 'images/default_avatar.png', NULL, NULL, NULL, NULL, 'active', '2025-12-15 15:42:59'),
('S2401801', 'Aaron Lee', 'aaron.lee@student.tarc.edu.my', '$2y$10$examplehashS1', 'student', 'images/avatar/default.png', 'Kuala Lumpur', '0112345678', '2004-04-15', 'male', 'active', '2025-12-17 02:15:39'),
('S2401802', 'Nur Izzah', 'nur.izzah@student.tarc.edu.my', '$2y$10$examplehashS2', 'student', 'images/avatar/default.png', 'Shah Alam', '0123456789', '2003-09-21', 'female', 'active', '2025-12-17 02:15:39'),
('S2401803', 'Jason Lim', 'jason.lim@student.tarc.edu.my', '$2y$10$examplehashS3', 'student', 'images/avatar/default.png', 'Penang', '0134567890', '2005-01-10', 'male', 'active', '2025-12-17 02:15:39'),
('S2401804', 'Aina Sofea', 'aina.sofea@student.tarc.edu.my', '$2y$10$examplehashS4', 'student', 'images/avatar/default.png', 'Ipoh', '0145678901', '2004-07-30', 'female', 'active', '2025-12-17 02:15:39'),
('STF101', 'Kelvin Ong', 'kelvin.ong@tarc.edu.my', '$2y$10$examplehashT1', 'staff', 'images/avatar/default.png', 'Petaling Jaya', '0166789012', '1987-11-03', 'male', 'active', '2025-12-17 02:15:39'),
('STF102', 'Siti Aminah', 'siti.aminah@tarc.edu.my', '$2y$10$examplehashT2', 'staff', 'images/avatar/default.png', 'Kajang', '0177890123', '1991-05-18', 'female', 'active', '2025-12-17 02:15:39'),
('U003', 'John Tan', 'john@example.com', '$2y$10$examplehashedpassword3', 'staff', 'images/avatar/default.png', 'Penang', '0112233445', '1985-06-12', 'male', 'active', '2025-12-15 15:42:59'),
('U004', 'Mary Lim', 'mary@example.com', '$2y$10$Dma7aZTdO11NiJkRS5qxLOvlDVdEtvUCV7LotOEDq4rWy9Hh0d3S6', 'admin', 'images/avatar/default.png', 'Kota Kinabalu', '0175566778', '1990-11-05', 'female', 'active', '2025-12-15 15:42:59'),
('U005', 'David Lee', 'david@example.com', '$2y$10$examplehashedpassword5', 'student', 'images/david.png', 'Shah Alam', '0139988776', '2005-03-21', 'male', 'active', '2025-12-15 15:42:59'),
('U006', 'Nurul Huda', 'nurul@example.com', '$2y$10$examplehashedpassword6', 'staff', 'images/nurul.png', 'Ipoh', '0143322110', '1992-09-17', 'female', 'active', '2025-12-15 15:42:59'),
('U007', 'Lim Wei', 'limwei@example.com', '$2y$10$examplehashedpassword7', 'student', 'images/limwei.png', 'Kuching', '0164455667', '2004-12-30', 'male', 'active', '2025-12-15 15:42:59'),
('U008', 'Farah Binti Ali', 'farah@example.com', '$2y$10$examplehashedpassword8', 'student', 'images/farah.png', 'Melaka', '0186677889', '2003-08-14', 'female', 'active', '2025-12-15 15:42:59'),
('U009', 'Michael Ong', 'michael@example.com', '$2y$10$examplehashedpassword9', 'staff', 'images/michael.png', 'Seremban', '0193344556', '1988-04-02', 'male', 'active', '2025-12-15 15:42:59'),
('U010', 'Aisha Karim', 'aisha@example.com', '$2y$10$examplehashedpassword10', 'admin', 'images/aisha.png', 'Petaling Jaya', '0171122334', '1995-01-19', 'female', 'active', '2025-12-15 15:42:59'),
('U011', 'Daniel Wong', 'danielwong@example.com', '$2y$10$examplehash001', 'student', 'images/avatar/default.png', 'Kuala Lumpur', '0111111111', '2004-03-12', 'male', 'active', '2025-12-15 15:42:59'),
('U012', 'Cheryl Tan', 'cheryl.tan@example.com', '$2y$10$examplehash002', 'student', 'images/avatar/default.png', 'Penang', '0122222222', '2003-09-22', 'female', 'active', '2025-12-15 15:42:59'),
('U013', 'Ariff Hakim', 'ariffhakim@example.com', '$2y$10$examplehash003', 'staff', 'images/avatar/default.png', 'Johor Bahru', '0133333333', '1990-01-18', 'male', 'active', '2025-12-15 15:42:59'),
('U014', 'Melissa Chan', 'mel.chan@example.com', '$2y$10$examplehash004', 'student', 'images/avatar/default.png', 'Seremban', '0144444444', '2005-07-09', 'female', 'active', '2025-12-15 15:42:59'),
('U015', 'Jason Koh', 'jasonkoh@example.com', '$2y$10$examplehash005', 'student', 'images/avatar/default.png', 'Kuching', '0155555555', '2004-11-30', 'male', 'active', '2025-12-15 15:42:59'),
('U016', 'Nur Afiqah', 'afiqah@example.com', '$2y$10$examplehash006', 'staff', 'images/avatar/default.png', 'Melaka', '0166666666', '1992-04-14', 'female', 'active', '2025-12-15 15:42:59'),
('U017', 'Marcus Lim', 'marcuslim@example.com', '$2y$10$examplehash007', 'student', 'images/avatar/default.png', 'Ipoh', '0177777777', '2003-12-03', 'male', 'active', '2025-12-15 15:42:59'),
('U018', 'Vanessa Lee', 'vanessa@example.com', '$2y$10$examplehash008', 'student', 'images/avatar/default.png', 'Shah Alam', '0188888888', '2004-05-20', 'female', 'blacklisted', '2025-12-15 15:42:59'),
('U019', 'Ravi Kumar', 'ravi.kumar@example.com', '$2y$10$examplehash009', 'staff', 'images/avatar/default.png', 'Petaling Jaya', '0199999999', '1989-08-11', 'male', 'blacklisted', '2025-12-15 15:42:59'),
('U020', 'Sophia Aziz', 'sophia.aziz@example.com', '$2y$10$examplehash010', 'student', 'images/avatar/default.png', 'Alor Setar', '0112233445', '2005-02-07', 'female', 'blacklisted', '2025-12-15 15:42:59'),
('user20202', 'ALEX NG WEN JIA', 'alexngwenjia2004123123a@gmail.com', '$2y$10$4PjZzUsL3I3U3meE/J/k4eColuR6yU8IXAgf350eXmahBmt4HVoxO', 'staff', 'images/volunteer.png', 'my house', '0103662612', '2025-12-02', 'male', 'active', '2025-12-15 15:42:59');

-- --------------------------------------------------------

--
-- Table structure for table `venues`
--

CREATE TABLE `venues` (
  `venue_id` varchar(10) NOT NULL,
  `name` varchar(100) NOT NULL COMMENT 'Name or identifier of the specific court/facility',
  `court` varchar(50) DEFAULT '1' COMMENT 'Court or facility number',
  `capacity` int(11) NOT NULL COMMENT 'Maximum capacity of users',
  `location` varchar(100) DEFAULT NULL COMMENT 'Location/block of the facility',
  `description` text DEFAULT NULL COMMENT 'Detailed description or notes about the venue',
  `image` varchar(255) DEFAULT NULL COMMENT 'Path or URL to an image of the venue',
  `status` enum('open','closed') NOT NULL DEFAULT 'open',
  `court_count` int(11) DEFAULT 1
) ENGINE=InnoDB DEFAULT CHARSET=utf8mb4 COLLATE=utf8mb4_general_ci;

--
-- Dumping data for table `venues`
--

INSERT INTO `venues` (`venue_id`, `name`, `court`, `capacity`, `location`, `description`, `image`, `status`, `court_count`) VALUES
('A100', 'Swimming Pool', 'Court 1', 15, 'Block A - Level 3', '', 'images/fac3.jpeg', 'open', 1),
('B100', 'Badminton/Pickleball', 'Court 1', 6, 'Block B - Level 3', '', 'images/fac6.jpeg', 'open', 1),
('B101', 'Badminton/Pickleball', 'Court 2', 6, 'Block B - Level 3', '', 'images/fac6.jpeg', 'open', 1),
('B102', 'Badminton/Pickleball', 'Court 3', 6, 'Block B - Level 3', '', 'images/fac6.jpeg', 'open', 1),
('B103', 'Badminton/Pickleball', 'Court 4', 6, 'Block B - Level 3', '', 'images/fac6.jpeg', 'open', 1),
('B200', 'Futsal/Netball', 'Court 1', 12, 'Block B - Level 3', '', 'images/fac1.jpg', 'open', 1),
('B300', 'Table Tennis', 'Court 1', 6, 'Block B - Level 2', '', 'images/fac8.png', 'open', 1),
('D100', 'Basketball/Volleyball', 'Court 1', 12, 'Block D - Level 3', '', 'images/fac5.jpg', 'open', 1),
('D200', 'Gym Area', 'Court 1', 8, 'Block D - Level 3', 'Muscle Gain\r\n\r\n\r\n', 'images/fac4.jpg', 'closed', 1);

--
-- Indexes for dumped tables
--

--
-- Indexes for table `announcements`
--
ALTER TABLE `announcements`
  ADD PRIMARY KEY (`announcement_id`),
  ADD KEY `posted_by` (`posted_by`);

--
-- Indexes for table `bookings`
--
ALTER TABLE `bookings`
  ADD PRIMARY KEY (`booking_id`),
  ADD KEY `user_id` (`user_id`),
  ADD KEY `venue_id` (`venue_id`);

--
-- Indexes for table `events`
--
ALTER TABLE `events`
  ADD PRIMARY KEY (`event_id`),
  ADD KEY `venue_id` (`venue_id`);

--
-- Indexes for table `feedback`
--
ALTER TABLE `feedback`
  ADD PRIMARY KEY (`feedback_id`),
  ADD KEY `user_id` (`user_id`);

--
-- Indexes for table `users`
--
ALTER TABLE `users`
  ADD PRIMARY KEY (`user_id`),
  ADD UNIQUE KEY `email` (`email`);

--
-- Indexes for table `venues`
--
ALTER TABLE `venues`
  ADD PRIMARY KEY (`venue_id`);

--
-- AUTO_INCREMENT for dumped tables
--

--
-- AUTO_INCREMENT for table `bookings`
--
ALTER TABLE `bookings`
  MODIFY `booking_id` int(11) NOT NULL AUTO_INCREMENT, AUTO_INCREMENT=1051;

--
-- AUTO_INCREMENT for table `events`
--
ALTER TABLE `events`
  MODIFY `event_id` int(11) NOT NULL AUTO_INCREMENT, AUTO_INCREMENT=15;

--
-- AUTO_INCREMENT for table `feedback`
--
ALTER TABLE `feedback`
  MODIFY `feedback_id` int(11) NOT NULL AUTO_INCREMENT, AUTO_INCREMENT=23;

--
-- Constraints for dumped tables
--

--
-- Constraints for table `announcements`
--
ALTER TABLE `announcements`
  ADD CONSTRAINT `announcements_ibfk_1` FOREIGN KEY (`posted_by`) REFERENCES `users` (`user_id`) ON DELETE CASCADE;
COMMIT;

/*!40101 SET CHARACTER_SET_CLIENT=@OLD_CHARACTER_SET_CLIENT */;
/*!40101 SET CHARACTER_SET_RESULTS=@OLD_CHARACTER_SET_RESULTS */;
/*!40101 SET COLLATION_CONNECTION=@OLD_COLLATION_CONNECTION */;
